cod_ibge,code_muni,name,crs,crs2,cod_crs,macro,pop_15,pop_16,pop_17,pop_18,pop_19,pop_20,pop_21,pop_22,pop_23,code_state,abbrev_state,name_state
430003,4300034,Aceguá,07Âª CRS,07ª CRS,7,Sul,4.611,4.595,4412,4487,4516,4540,4505,4505,4505,43,RS,Rio Grande do Sul
430005,4300059,Água Santa,06Âª CRS,06ª CRS,6,Norte,3.859,3.939,4013,4057,4107,4093,4256,4256,4256,43,RS,Rio Grande do Sul
430010,4300109,Agudo,04Âª CRS,"04ª CRS",4,Centro-Oeste,17.014,16.730,16475,16537,16556,16760,16612,16612,16612,43,RS,Rio Grande do Sul
430020,4300208,Ajuricaba,17Âª CRS,17ª CRS,17,Missioneira,7.307,7.461,7325,7546,7485,7584,7447,7447,7447,43,RS,Rio Grande do Sul
430030,4300307,Alecrim,14Âª CRS,14ª CRS,14,Missioneira,6.593,6.610,6569,6513,6435,6301,6403,6403,6403,43,RS,Rio Grande do Sul
430040,4300406,Alegrete,10Âª CRS,10ª CRS,10,Centro-Oeste,77.212,76.860,72524,72516,72376,72072,72085,72085,72085,43,RS,Rio Grande do Sul
430045,4300455,Alegria,14Âª CRS,14ª CRS,14,Missioneira,4.039,4.116,4137,4231,4227,4247,4219,4219,4219,43,RS,Rio Grande do Sul
430047,4300471,Almirante Tamandaré do Sul,06Âª CRS,06ª CRS,6,Norte,2.048,2.083,2085,2083,2072,2052,2074,2074,2074,43,RS,Rio Grande do Sul
430050,4300505,Alpestre,02Âª CRS,02ª CRS,2,Norte,7.456,7.515,7362,7406,7311,7318,7216,7216,7216,43,RS,Rio Grande do Sul
430055,4300554,Alto Alegre,06Âª CRS,06ª CRS,6,Norte,1.793,1.809,1866,1869,1856,1899,1914,1914,1914,43,RS,Rio Grande do Sul
430057,4300570,Alto Feliz,05Âª CRS,05ª CRS,5,Serra,2.998,3.078,3191,3245,3209,3263,3225,3225,3225,43,RS,Rio Grande do Sul
430060,4300604,Alvorada,01Âª CRS,01ª CRS,1,Metropolitana,210.661,211.082,213396,212901,211533,210275,209157,209157,209157,43,RS,Rio Grande do Sul
430063,4300638,Amaral Ferrador,03Âª CRS,03ª CRS,3,Sul,6.294,6.344,6300,6330,6364,6428,6439,6439,6439,43,RS,Rio Grande do Sul
430064,4300646,Ametista do Sul,02Âª CRS,02ª CRS,2,Norte,7.427,7.346,7476,7432,7526,7592,7670,7670,7670,43,RS,Rio Grande do Sul
430066,4300661,André da Rocha,06Âª CRS,06ª CRS,6,Norte,1.243,1.214,1211,1215,1220,1241,1244,1244,1244,43,RS,Rio Grande do Sul
430070,4300703,Anta Gorda,16Âª CRS,16ª CRS,16,Vales,6.430,6.548,6558,6614,6677,6787,6785,6785,6785,43,RS,Rio Grande do Sul
430080,4300802,Antônio Prado,05Âª CRS,05ª CRS,5,Serra,13.037,13.025,12969,12878,12873,13188,13462,13462,13462,43,RS,Rio Grande do Sul
430085,4300851,Arambaré,01Âª CRS,01ª CRS,1,Metropolitana,3.897,3.891,3905,3877,3880,3880,3920,3920,3920,43,RS,Rio Grande do Sul
430087,4300877,Araricá,01Âª CRS,01ª CRS,1,Metropolitana,5.703,5.770,5701,5811,5935,6039,6189,6189,6189,43,RS,Rio Grande do Sul
430090,4300901,Aratiba,11Âª CRS,11ª CRS,11,Norte,6.695,6.618,6526,6507,6677,6659,6764,6764,6764,43,RS,Rio Grande do Sul
430100,4301008,Arroio do Meio,16Âª CRS,16ª CRS,16,Vales,20.575,20.880,21012,21528,21927,22565,23133,23133,23133,43,RS,Rio Grande do Sul
430107,4301057,Arroio do Padre,03Âª CRS,03ª CRS,3,Metropolitana,2.724,2.674,2841,2784,2788,2843,2949,2949,2949,43,RS,Rio Grande do Sul
430105,4301073,Arroio do Sal,18Âª CRS,18ª CRS,18,Sul,9.224,9.479,9854,10093,10185,10416,10598,10598,10598,43,RS,Rio Grande do Sul
430120,4301107,Arroio do Tigre,08Âª CRS,08ª CRS,8,Metropolitana,12.699,12.843,13134,13068,12998,12744,12704,12704,12704,43,RS,Rio Grande do Sul
430110,4301206,Arroio dos Ratos,01Âª CRS,01ª CRS,1,Vales,14.190,14.198,14183,14201,14260,14489,14616,14616,14616,43,RS,Rio Grande do Sul
430130,4301305,Arroio Grande,03Âª CRS,03ª CRS,3,Sul,18.563,18.439,18132,18013,17798,17519,17369,17369,17369,43,RS,Rio Grande do Sul
430140,4301404,Arvorezinha,06Âª CRS,06ª CRS,6,Norte,10.167,10.231,10253,10317,10293,10409,10547,10547,10547,43,RS,Rio Grande do Sul
430150,4301503,Augusto Pestana,17Âª CRS,17ª CRS,17,Missioneira,7.305,7.351,7333,7462,7490,7507,7490,7490,7490,43,RS,Rio Grande do Sul
430155,4301552,Áurea,11Âª CRS,11ª CRS,11,Norte,3.712,3.629,3645,3676,3707,3730,3723,3723,3723,43,RS,Rio Grande do Sul
430160,4301602,Bagé,07Âª CRS,07ª CRS,7,Sul,122.356,122.695,119539,120104,121069,121233,121321,121321,121321,43,RS,Rio Grande do Sul
430163,4301636,Balneário Pinhal,18Âª CRS,18ª CRS,18,Metropolitana,12.201,12.405,12938,13216,13416,13674,13852,13852,13852,43,RS,Rio Grande do Sul
430165,4301651,Barão,01Âª CRS,01ª CRS,1,Metropolitana,6.294,6.395,6470,6591,6684,6662,6622,6622,6622,43,RS,Rio Grande do Sul
430170,4301701,Barão de Cotegipe,11Âª CRS,11ª CRS,11,Norte,6.769,6.955,6922,6916,6808,6773,6839,6839,6839,43,RS,Rio Grande do Sul
430175,4301750,Barão do Triunfo,01Âª CRS,01ª CRS,1,Metropolitana,6.724,6.713,7007,7019,6836,6647,6554,6554,6554,43,RS,Rio Grande do Sul
430185,4301875,Barra do Guarita,02Âª CRS,02ª CRS,2,Norte,3.160,3.237,3310,3327,3359,3399,3489,3489,3489,43,RS,Rio Grande do Sul
430187,4301909,Barra do Quaraí,10Âª CRS,10ª CRS,10,Centro-Oeste,3.669,3.808,4134,4273,4274,4217,4180,4180,4180,43,RS,Rio Grande do Sul
430190,4301925,Barra do Ribeiro,01Âª CRS,01ª CRS,1,Metropolitana,13.107,13.179,13456,13442,13435,13212,13260,13260,13260,43,RS,Rio Grande do Sul
430192,4301958,Barra do Rio Azul,11Âª CRS,11ª CRS,11,Norte,1.822,1.750,1830,1824,1844,1804,1778,1778,1778,43,RS,Rio Grande do Sul
430195,4301800,Barra Funda,15Âª CRS,15ª CRS,15,Norte,2.550,2.677,2571,2621,2634,2670,2704,2704,2704,43,RS,Rio Grande do Sul
430180,4301859,Barracão,06Âª CRS,06ª CRS,6,Norte,5.183,5.124,5092,5013,5121,5066,5089,5089,5089,43,RS,Rio Grande do Sul
430200,4302006,Barros Cassal,06Âª CRS,06ª CRS,6,Norte,10.866,10.681,10624,10542,10494,10512,10455,10455,10455,43,RS,Rio Grande do Sul
430205,4302055,Benjamin Constant do Sul,11Âª CRS,11ª CRS,11,Norte,2.373,2.359,2331,2271,2192,2182,2203,2203,2203,43,RS,Rio Grande do Sul
430210,4302105,Bento Gonçalves,05Âª CRS,05ª CRS,5,Serra,117.227,117.984,120961,121826,124516,126919,130149,130149,130149,43,RS,Rio Grande do Sul
430215,4302154,Boa Vista das Missões,15Âª CRS,15ª CRS,15,Norte,2.138,2.157,2100,2064,2077,2066,2089,2089,2089,43,RS,Rio Grande do Sul
430220,4302204,Boa Vista do Buricá,14Âª CRS,14ª CRS,14,Missioneira,6.687,6.850,6927,7118,7218,7304,7331,7331,7331,43,RS,Rio Grande do Sul
430222,4302220,Boa Vista do Cadeado,09Âª CRS,"09ª CRS",9,Missioneira,2.497,2.451,2459,2519,2497,2407,2337,2337,2337,43,RS,Rio Grande do Sul
430223,4302238,Boa Vista do Incra,09Âª CRS,"09ª CRS",9,Missioneira,2.411,2.317,2468,2494,2551,2505,2504,2504,2504,43,RS,Rio Grande do Sul
430225,4302253,Boa Vista do Sul,05Âª CRS,05ª CRS,5,Serra,3.012,3.045,2956,3014,3088,3139,3165,3165,3165,43,RS,Rio Grande do Sul
430230,4302303,Bom Jesus,05Âª CRS,05ª CRS,5,Serra,11.326,11.430,11371,11501,11525,11605,11695,11695,11695,43,RS,Rio Grande do Sul
430235,4302352,Bom Princípio,05Âª CRS,05ª CRS,5,Serra,13.022,13.268,14023,14145,14545,14430,14688,14688,14688,43,RS,Rio Grande do Sul
430237,4302378,Bom Progresso,02Âª CRS,02ª CRS,2,Norte,2.432,2.333,2304,2294,2343,2351,2396,2396,2396,43,RS,Rio Grande do Sul
430240,4302402,Bom Retiro do Sul,16Âª CRS,16ª CRS,16,Vales,12.502,12.548,12630,12739,12939,13171,13344,13344,13344,43,RS,Rio Grande do Sul
430245,4302451,Boqueirão do Leão,16Âª CRS,16ª CRS,16,Vales,7.575,7.443,7336,7268,7411,7459,7467,7467,7467,43,RS,Rio Grande do Sul
430250,4302501,Bossoroca,12Âª CRS,12ª CRS,12,Missioneira,6.282,6.333,6373,6375,6339,6315,6250,6250,6250,43,RS,Rio Grande do Sul
430258,4302584,Bozano,17Âª CRS,17ª CRS,17,Missioneira,2.213,2.241,2311,2341,2344,2331,2313,2313,2313,43,RS,Rio Grande do Sul
430260,4302600,Braga,15Âª CRS,15ª CRS,15,Norte,3.674,3.597,3723,3731,3758,3719,3725,3725,3725,43,RS,Rio Grande do Sul
430265,4302659,Brochier,01Âª CRS,01ª CRS,1,Metropolitana,4.824,4.915,4985,5087,5169,5130,5349,5349,5349,43,RS,Rio Grande do Sul
430270,4302709,Butiá,01Âª CRS,01ª CRS,1,Metropolitana,21.506,21.558,21172,21137,20960,20909,20842,20842,20842,43,RS,Rio Grande do Sul
430280,4302808,Caçapava do Sul,08Âª CRS,08ª CRS,8,Vales,35.075,34.810,33583,33812,33959,34270,34460,34460,34460,43,RS,Rio Grande do Sul
430290,4302907,Cacequi,04Âª CRS,"04ª CRS",4,Centro-Oeste,13.016,13.023,12756,12493,12433,12462,12694,12694,12694,43,RS,Rio Grande do Sul
430300,4303004,Cachoeira do Sul,08Âª CRS,08ª CRS,8,Vales,86.229,86.569,84009,83590,83695,84499,84861,84861,84861,43,RS,Rio Grande do Sul
430310,4303103,Cachoeirinha,01Âª CRS,01ª CRS,1,Metropolitana,129.568,130.255,133132,133657,133857,135503,136683,136683,136683,43,RS,Rio Grande do Sul
430320,4303202,Cacique Doble,06Âª CRS,06ª CRS,6,Norte,5.326,5.181,5154,5094,5113,5103,5087,5087,5087,43,RS,Rio Grande do Sul
430330,4303301,Caibaté,12Âª CRS,12ª CRS,12,Missioneira,5.209,5.002,5076,5081,5112,4986,5018,5018,5018,43,RS,Rio Grande do Sul
430340,4303400,Caiçara,02Âª CRS,02ª CRS,2,Norte,4.738,4.629,4855,4872,4959,4932,4886,4886,4886,43,RS,Rio Grande do Sul
430350,4303509,Camaquã,01Âª CRS,01ª CRS,1,Metropolitana,66.407,66.297,65293,65268,65826,66521,66321,66321,66321,43,RS,Rio Grande do Sul
430355,4303558,Camargo,06Âª CRS,06ª CRS,6,Norte,2.729,2.704,2836,2899,2978,2996,2989,2989,2989,43,RS,Rio Grande do Sul
430360,4303608,Cambará do Sul,01Âª CRS,01ª CRS,1,Metropolitana,6.583,6.595,6295,6292,6307,6423,6374,6374,6374,43,RS,Rio Grande do Sul
430367,4303673,Campestre da Serra,05Âª CRS,05ª CRS,5,Serra,3.360,3.307,3292,3310,3291,3267,3247,3247,3247,43,RS,Rio Grande do Sul
430370,4303707,Campina das Missões,14Âª CRS,14ª CRS,14,Missioneira,6.265,6.263,6169,6181,6110,6199,6207,6207,6207,43,RS,Rio Grande do Sul
430380,4303806,Campinas do Sul,11Âª CRS,11ª CRS,11,Norte,5.751,5.754,5818,5852,5908,5873,5855,5855,5855,43,RS,Rio Grande do Sul
430390,4303905,Campo Bom,01Âª CRS,01ª CRS,1,Metropolitana,64.392,64.320,64622,65218,65833,66459,66930,66930,66930,43,RS,Rio Grande do Sul
430400,4304002,Campo Novo,17Âª CRS,17ª CRS,17,Missioneira,5.294,5.278,5185,5207,5165,5110,5085,5085,5085,43,RS,Rio Grande do Sul
430410,4304101,Campos Borges,06Âª CRS,06ª CRS,6,Norte,3.693,3.800,3763,3774,3753,3689,3715,3715,3715,43,RS,Rio Grande do Sul
430420,4304200,Candelária,13Âª CRS,13ª CRS,13,Vales,31.083,31.135,30643,30649,30430,30397,30186,30186,30186,43,RS,Rio Grande do Sul
430430,4304309,Cândido Godói,14Âª CRS,14ª CRS,14,Missioneira,6.783,6.721,6655,6587,6728,6684,6725,6725,6725,43,RS,Rio Grande do Sul
430435,4304358,Candiota,07Âª CRS,07ª CRS,7,Sul,9.178,9.277,9290,9450,9440,9430,9435,9435,9435,43,RS,Rio Grande do Sul
430440,4304408,Canela,05Âª CRS,05ª CRS,5,Serra,43.665,43.803,44128,45054,46280,47453,47990,47990,47990,43,RS,Rio Grande do Sul
430450,4304507,Canguçu,03Âª CRS,03ª CRS,3,Sul,54.999,54.348,53161,53121,53164,53022,53161,53161,53161,43,RS,Rio Grande do Sul
430460,4304606,Canoas,01Âª CRS,01ª CRS,1,Metropolitana,350.824,352.097,355918,357168,359562,362337,365364,365364,365364,43,RS,Rio Grande do Sul
430461,4304614,Canudos do Vale,16Âª CRS,16ª CRS,16,Vales,1.786,1.658,1687,1705,1753,1751,1757,1757,1757,43,RS,Rio Grande do Sul
430462,4304622,Capão Bonito do Sul,06Âª CRS,06ª CRS,6,Norte,2.164,2.166,1989,2015,1982,1973,1952,1952,1952,43,RS,Rio Grande do Sul
430463,4304630,Capão da Canoa,18Âª CRS,18ª CRS,18,Metropolitana,48.700,49.848,51299,52685,53769,55102,56396,56396,56396,43,RS,Rio Grande do Sul
430465,4304655,Capão do Cipó,04Âª CRS,"04ª CRS",4,Centro-Oeste,3.087,3.188,3225,3233,3152,3191,3198,3198,3198,43,RS,Rio Grande do Sul
430466,4304663,Capão do Leão,03Âª CRS,03ª CRS,3,Sul,25.462,25.501,26189,26524,27002,27170,27105,27105,27105,43,RS,Rio Grande do Sul
430468,4304697,Capela de Santana,01Âª CRS,01ª CRS,1,Metropolitana,12.050,11.918,12534,12559,12716,12944,13084,13084,13084,43,RS,Rio Grande do Sul
430469,4304671,Capitão,16Âª CRS,16ª CRS,16,Vales,3.031,3.183,3048,3090,3045,3119,3185,3185,3185,43,RS,Rio Grande do Sul
430467,4304689,Capivari do Sul,18Âª CRS,18ª CRS,18,Metropolitana,4.235,4.214,4421,4463,4545,4567,4620,4620,4620,43,RS,Rio Grande do Sul
430471,4304705,Caraá,18Âª CRS,18ª CRS,18,Metropolitana,7.768,7.591,7826,7921,8095,8087,8175,8175,8175,43,RS,Rio Grande do Sul
430470,4304713,Carazinho,06Âª CRS,06ª CRS,6,Norte,63.114,63.009,62860,62704,63291,63843,64757,64757,64757,43,RS,Rio Grande do Sul
430480,4304804,Carlos Barbosa,05Âª CRS,05ª CRS,5,Serra,27.926,28.744,29182,29886,30563,31285,31709,31709,31709,43,RS,Rio Grande do Sul
430485,4304853,Carlos Gomes,11Âª CRS,11ª CRS,11,Norte,1.494,1.488,1534,1522,1524,1489,1482,1482,1482,43,RS,Rio Grande do Sul
430490,4304903,Casca,06Âª CRS,06ª CRS,6,Norte,8.660,8.896,9049,9225,9298,9222,9366,9366,9366,43,RS,Rio Grande do Sul
430495,4304952,Caseiros,06Âª CRS,06ª CRS,6,Norte,3.250,3.154,3250,3368,3404,3328,3235,3235,3235,43,RS,Rio Grande do Sul
430500,4305009,Catuípe,17Âª CRS,17ª CRS,17,Missioneira,9.373,9.193,9207,9324,9360,9447,9483,9483,9483,43,RS,Rio Grande do Sul
430510,4305108,Caxias do Sul,05Âª CRS,05ª CRS,5,Serra,475.906,475.992,468518,468919,472037,477142,479884,479884,479884,43,RS,Rio Grande do Sul
430511,4305116,Centenário,11Âª CRS,11ª CRS,11,Norte,3.128,3.020,3002,3033,3089,3123,3148,3148,3148,43,RS,Rio Grande do Sul
430512,4305124,Cerrito,03Âª CRS,03ª CRS,3,Sul,6.125,6.124,6092,6043,6062,6007,6133,6133,6133,43,RS,Rio Grande do Sul
430513,4305132,Cerro Branco,08Âª CRS,08ª CRS,8,Vales,4.338,4.283,4469,4318,4283,4102,4128,4128,4128,43,RS,Rio Grande do Sul
430515,4305157,Cerro Grande,15Âª CRS,15ª CRS,15,Norte,2.585,2.558,2508,2533,2561,2598,2670,2670,2670,43,RS,Rio Grande do Sul
430517,4305173,Cerro Grande do Sul,01Âª CRS,01ª CRS,1,Metropolitana,10.404,10.471,10661,10968,11018,10914,10675,10675,10675,43,RS,Rio Grande do Sul
430520,4305207,Cerro Largo,12Âª CRS,12ª CRS,12,Missioneira,14.080,14.201,14287,14590,14608,14746,14814,14814,14814,43,RS,Rio Grande do Sul
430530,4305306,Chapada,15Âª CRS,15ª CRS,15,Norte,9.377,9.539,9578,9882,10096,10330,10299,10299,10299,43,RS,Rio Grande do Sul
430535,4305355,Charqueadas,01Âª CRS,01ª CRS,1,Metropolitana,37.135,36.958,37559,37595,37641,37571,38054,38054,38054,43,RS,Rio Grande do Sul
430537,4305371,Charrua,11Âª CRS,11ª CRS,11,Norte,3.238,3.096,3192,3189,3237,3214,3211,3211,3211,43,RS,Rio Grande do Sul
430540,4305405,Chiapeta,17Âª CRS,17ª CRS,17,Missioneira,4.212,4.152,4176,4178,4171,4088,4047,4047,4047,43,RS,Rio Grande do Sul
430543,4305439,Chuí,03Âª CRS,03ª CRS,3,Sul,5.797,5.567,5919,5930,6008,6003,5869,5869,5869,43,RS,Rio Grande do Sul
430544,4305447,Chuvisca,01Âª CRS,01ª CRS,1,Metropolitana,5.157,5.084,5136,5141,5197,5203,5242,5242,5242,43,RS,Rio Grande do Sul
430545,4305454,Cidreira,18Âª CRS,18ª CRS,18,Metropolitana,14.311,14.465,14943,15273,15730,16117,16515,16515,16515,43,RS,Rio Grande do Sul
430550,4305504,Ciríaco,06Âª CRS,06ª CRS,6,Norte,4.656,4.688,4676,4674,4657,4602,4670,4670,4670,43,RS,Rio Grande do Sul
430558,4305587,Colinas,16Âª CRS,16ª CRS,16,Vales,2.806,2.884,2904,2938,2954,2964,2971,2971,2971,43,RS,Rio Grande do Sul
430560,4305603,Colorado,09Âª CRS,"09ª CRS",9,Missioneira,3.335,3.289,3438,3478,3537,3473,3482,3482,3482,43,RS,Rio Grande do Sul
430570,4305702,Condor,17Âª CRS,17ª CRS,17,Missioneira,6.012,6.458,6832,7157,7206,7271,7277,7277,7277,43,RS,Rio Grande do Sul
430580,4305801,Constantina,15Âª CRS,15ª CRS,15,Norte,10.216,10.120,10298,10451,10745,10780,10805,10805,10805,43,RS,Rio Grande do Sul
430583,4305835,Coqueiro Baixo,16Âª CRS,16ª CRS,16,Vales,1.421,1.410,1425,1485,1492,1518,1500,1500,1500,43,RS,Rio Grande do Sul
430585,4305850,Coqueiros do Sul,06Âª CRS,06ª CRS,6,Norte,2.352,2.351,2383,2369,2355,2332,2392,2392,2392,43,RS,Rio Grande do Sul
430587,4305871,Coronel Barros,17Âª CRS,17ª CRS,17,Missioneira,2.820,2.782,2813,2837,2880,2886,2908,2908,2908,43,RS,Rio Grande do Sul
430590,4305900,Coronel Bicaco,15Âª CRS,15ª CRS,15,Norte,7.457,7.374,7278,7404,7398,7488,7477,7477,7477,43,RS,Rio Grande do Sul
430593,4305934,Coronel Pilar,05Âª CRS,05ª CRS,5,Serra,1.543,1.560,1712,1739,1774,1761,1743,1743,1743,43,RS,Rio Grande do Sul
430595,4305959,Cotiporã,05Âª CRS,05ª CRS,5,Serra,3.961,3.976,3906,3903,3960,3959,3967,3967,3967,43,RS,Rio Grande do Sul
430597,4305975,Coxilha,06Âª CRS,06ª CRS,6,Norte,2.941,2.959,2959,2923,2938,2899,2912,2912,2912,43,RS,Rio Grande do Sul
430600,4306007,Crissiumal,17Âª CRS,17ª CRS,17,Missioneira,14.095,14.148,13885,13960,13894,13912,13901,13901,13901,43,RS,Rio Grande do Sul
430605,4306056,Cristal,01Âª CRS,01ª CRS,1,Metropolitana,7.841,7.839,7677,7624,7590,7612,7633,7633,7633,43,RS,Rio Grande do Sul
430607,4306072,Cristal do Sul,02Âª CRS,02ª CRS,2,Norte,2.808,2.786,2832,2897,2912,2948,2885,2885,2885,43,RS,Rio Grande do Sul
430610,4306106,Cruz Alta,09Âª CRS,"09ª CRS",9,Missioneira,63.358,63.389,61563,61700,61800,62006,62386,62386,62386,43,RS,Rio Grande do Sul
430613,4306130,Cruzaltense,11Âª CRS,11ª CRS,11,Norte,2.001,1.926,1934,1878,1856,1877,1891,1891,1891,43,RS,Rio Grande do Sul
430620,4306205,Cruzeiro do Sul,16Âª CRS,16ª CRS,16,Vales,12.528,12.708,13122,13267,13230,13552,13637,13637,13637,43,RS,Rio Grande do Sul
430630,4306304,David Canabarro,06Âª CRS,06ª CRS,6,Norte,4.370,4.519,4479,4581,4525,4552,4531,4531,4531,43,RS,Rio Grande do Sul
430632,4306320,Derrubadas,02Âª CRS,02ª CRS,2,Norte,3.034,3.006,3017,2998,2995,2962,2926,2926,2926,43,RS,Rio Grande do Sul
430635,4306353,Dezesseis de Novembro,12Âª CRS,12ª CRS,12,Missioneira,2.650,2.671,2678,2669,2607,2515,2503,2503,2503,43,RS,Rio Grande do Sul
430637,4306379,Dilermando de Aguiar,04Âª CRS,"04ª CRS",4,Centro-Oeste,2.976,2.942,2937,2915,2891,2919,2985,2985,2985,43,RS,Rio Grande do Sul
430640,4306403,Dois Irmãos,01Âª CRS,01ª CRS,1,Metropolitana,30.354,30.699,32138,32614,32913,33417,33479,33479,33479,43,RS,Rio Grande do Sul
430642,4306429,Dois Irmãos das Missões,15Âª CRS,15ª CRS,15,Norte,2.096,2.074,2109,2144,2148,2138,2131,2131,2131,43,RS,Rio Grande do Sul
430645,4306452,Dois Lajeados,16Âª CRS,16ª CRS,16,Vales,3.224,3.321,3324,3387,3460,3509,3539,3539,3539,43,RS,Rio Grande do Sul
430650,4306502,Dom Feliciano,01Âª CRS,01ª CRS,1,Metropolitana,14.427,14.487,14186,14152,14221,14118,14055,14055,14055,43,RS,Rio Grande do Sul
430660,4306551,Dom Pedrito,07Âª CRS,07ª CRS,7,Sul,38.956,39.109,37364,37452,37154,37006,36422,36422,36422,43,RS,Rio Grande do Sul
430655,4306601,Dom Pedro de Alcântara,18Âª CRS,18ª CRS,18,Metropolitana,2.511,2.633,2684,2733,2804,2818,2826,2826,2826,43,RS,Rio Grande do Sul
430670,4306700,Dona Francisca,04Âª CRS,"04ª CRS",4,Centro-Oeste,3.233,3.266,3336,3389,3409,3374,3312,3312,3312,43,RS,Rio Grande do Sul
430673,4306734,Doutor Maurício Cardoso,14Âª CRS,14ª CRS,14,Missioneira,4.867,4.999,4960,4964,4920,4794,4795,4795,4795,43,RS,Rio Grande do Sul
430675,4306759,Doutor Ricardo,16Âª CRS,16ª CRS,16,Vales,1.967,1.999,2006,2000,1989,1991,1952,1952,1952,43,RS,Rio Grande do Sul
430676,4306767,Eldorado do Sul,01Âª CRS,01ª CRS,1,Metropolitana,37.667,38.036,38498,38988,39286,40104,41221,41221,41221,43,RS,Rio Grande do Sul
430680,4306809,Encantado,16Âª CRS,16ª CRS,16,Vales,21.841,21.961,22476,22673,23028,23226,23543,23543,23543,43,RS,Rio Grande do Sul
430690,4306908,Encruzilhada do Sul,08Âª CRS,08ª CRS,8,Vales,24.625,24.686,24084,24178,24086,23802,23591,23591,23591,43,RS,Rio Grande do Sul
430692,4306924,Engenho Velho,15Âª CRS,15ª CRS,15,Norte,1.595,1.534,1527,1521,1501,1511,1498,1498,1498,43,RS,Rio Grande do Sul
430695,4306932,Entre Rios do Sul,11Âª CRS,11ª CRS,11,Norte,3.059,3.034,3062,3054,3029,2980,2903,2903,2903,43,RS,Rio Grande do Sul
430693,4306957,Entre-Ijuís,12Âª CRS,12ª CRS,12,Missioneira,9.402,9.370,9231,9256,9271,9371,9272,9272,9272,43,RS,Rio Grande do Sul
430697,4306973,Erebango,11Âª CRS,11ª CRS,11,Norte,3.190,3.179,3141,3133,3123,3145,3124,3124,3124,43,RS,Rio Grande do Sul
430700,4307005,Erechim,11Âª CRS,11ª CRS,11,Norte,103.074,103.916,104706,105523,106603,107917,109459,109459,109459,43,RS,Rio Grande do Sul
430705,4307054,Ernestina,06Âª CRS,06ª CRS,6,Norte,3.075,3.184,3172,3159,3134,3134,3137,3137,3137,43,RS,Rio Grande do Sul
430720,4307302,Erval Grande,11Âª CRS,11ª CRS,11,Norte,4.985,5.053,5076,5111,5176,5139,5234,5234,5234,43,RS,Rio Grande do Sul
430730,4307401,Erval Seco,02Âª CRS,02ª CRS,2,Norte,7.714,7.648,7599,7525,7456,7402,7515,7515,7515,43,RS,Rio Grande do Sul
430740,4307450,Esmeralda,05Âª CRS,05ª CRS,5,Serra,3.297,3.301,3205,3272,3321,3281,3291,3291,3291,43,RS,Rio Grande do Sul
430745,4307500,Esperança do Sul,02Âª CRS,02ª CRS,2,Norte,3.511,3.460,3273,3279,3269,3279,3279,3279,3279,43,RS,Rio Grande do Sul
430750,4307559,Espumoso,06Âª CRS,06ª CRS,6,Norte,15.722,15.916,15630,15666,15701,15647,15694,15694,15694,43,RS,Rio Grande do Sul
430755,4307609,Estação,11Âª CRS,11ª CRS,11,Norte,6.198,6.148,6224,6291,6419,6366,6220,6220,6220,43,RS,Rio Grande do Sul
430760,4307708,Estância Velha,01Âª CRS,01ª CRS,1,Metropolitana,46.899,47.325,48191,49117,49421,49511,49776,49776,49776,43,RS,Rio Grande do Sul
430770,4307807,Esteio,01Âª CRS,01ª CRS,1,Metropolitana,85.161,85.226,84048,84509,85569,86236,86429,86429,86429,43,RS,Rio Grande do Sul
430780,4307815,Estrela,16Âª CRS,16ª CRS,16,Vales,33.291,33.415,34030,34277,34774,35199,35831,35831,35831,43,RS,Rio Grande do Sul
430781,4307831,Estrela Velha,08Âª CRS,08ª CRS,8,Vales,3.526,3.544,3592,3544,3522,3506,3469,3469,3469,43,RS,Rio Grande do Sul
430783,4307864,Eugênio de Castro,12Âª CRS,12ª CRS,12,Missioneira,2.921,2.865,2760,2752,2759,2745,2723,2723,2723,43,RS,Rio Grande do Sul
430786,4307906,Fagundes Varela,05Âª CRS,05ª CRS,5,Serra,2.589,2.622,2716,2772,2766,2736,2710,2710,2710,43,RS,Rio Grande do Sul
430790,4308003,Farroupilha,05Âª CRS,05ª CRS,5,Serra,69.040,69.535,69598,70485,71608,72214,72410,72410,72410,43,RS,Rio Grande do Sul
430800,4308052,Faxinal do Soturno,04Âª CRS,"04ª CRS",4,Centro-Oeste,6.617,6.621,6712,6705,6798,6896,7066,7066,7066,43,RS,Rio Grande do Sul
430805,4308078,Faxinalzinho,11Âª CRS,11ª CRS,11,Norte,2.769,2.740,2650,2588,2607,2553,2578,2578,2578,43,RS,Rio Grande do Sul
430807,4308102,Fazenda Vilanova,16Âª CRS,16ª CRS,16,Vales,4.303,4.322,4373,4400,4474,4482,4570,4570,4570,43,RS,Rio Grande do Sul
430810,4308201,Feliz,05Âª CRS,05ª CRS,5,Serra,13.490,13.550,13692,13914,14095,14333,14501,14501,14501,43,RS,Rio Grande do Sul
430820,4308250,Flores da Cunha,05Âª CRS,05ª CRS,5,Serra,29.349,29.650,30095,30843,31402,31864,32121,32121,32121,43,RS,Rio Grande do Sul
430825,4308300,Floriano Peixoto,11Âª CRS,11ª CRS,11,Norte,1.762,1.749,1861,1845,1826,1781,1759,1759,1759,43,RS,Rio Grande do Sul
430830,4308409,Fontoura Xavier,06Âª CRS,06ª CRS,6,Norte,10.520,10.514,10307,10253,10179,10130,10093,10093,10093,43,RS,Rio Grande do Sul
430840,4308433,Formigueiro,04Âª CRS,"04ª CRS",4,Centro-Oeste,6.816,6.806,7065,7048,7164,7199,7269,7269,7269,43,RS,Rio Grande do Sul
430843,4308458,Forquetinha,16Âª CRS,16ª CRS,16,Vales,2.510,2.505,2502,2530,2523,2560,2562,2562,2562,43,RS,Rio Grande do Sul
430845,4308508,Fortaleza dos Valos,09Âª CRS,"09ª CRS",9,Missioneira,4.619,4.615,4590,4591,4640,4617,4645,4645,4645,43,RS,Rio Grande do Sul
430850,4308607,Frederico Westphalen,02Âª CRS,02ª CRS,2,Norte,30.800,31.199,31694,32360,33083,33674,34251,34251,34251,43,RS,Rio Grande do Sul
430860,4308656,Garibaldi,05Âª CRS,05ª CRS,5,Serra,33.114,33.534,34648,35067,35359,35880,36433,36433,36433,43,RS,Rio Grande do Sul
430865,4308706,Garruchos,12Âª CRS,12ª CRS,12,Missioneira,2.756,2.822,2906,2940,2976,2907,2924,2924,2924,43,RS,Rio Grande do Sul
430870,4308805,Gaurama,11Âª CRS,11ª CRS,11,Norte,5.880,5.878,5797,5716,5742,5748,5850,5850,5850,43,RS,Rio Grande do Sul
430880,4308854,General Câmara,01Âª CRS,01ª CRS,1,Metropolitana,8.394,8.378,8542,8424,8426,8386,8381,8381,8381,43,RS,Rio Grande do Sul
430885,4308904,Gentil,06Âª CRS,06ª CRS,6,Norte,1.919,1.956,1948,1927,1873,1906,1938,1938,1938,43,RS,Rio Grande do Sul
430890,4309001,Getúlio Vargas,11Âª CRS,11ª CRS,11,Norte,16.975,17.076,17240,17340,17308,17313,17647,17647,17647,43,RS,Rio Grande do Sul
430900,4309050,Giruá,14Âª CRS,14ª CRS,14,Missioneira,16.903,16.965,16382,16206,16172,16172,16249,16249,16249,43,RS,Rio Grande do Sul
430905,4309100,Glorinha,01Âª CRS,01ª CRS,1,Metropolitana,7.419,7.471,7766,7839,7951,7908,8047,8047,8047,43,RS,Rio Grande do Sul
430910,4309126,Gramado,05Âª CRS,05ª CRS,5,Serra,36.071,36.456,37225,37848,38736,39373,39621,39621,39621,43,RS,Rio Grande do Sul
430912,4309159,Gramado dos Loureiros,15Âª CRS,15ª CRS,15,Norte,2.328,2.370,2406,2467,2515,2553,2541,2541,2541,43,RS,Rio Grande do Sul
430915,4309209,Gramado Xavier,13Âª CRS,13ª CRS,13,Vales,3.738,3.750,3969,4019,4050,4015,3941,3941,3941,43,RS,Rio Grande do Sul
430920,4309258,Gravataí,01Âª CRS,01ª CRS,1,Metropolitana,273.611,274.329,276699,277273,277905,277486,277949,277949,277949,43,RS,Rio Grande do Sul
430925,4309308,Guabiju,05Âª CRS,05ª CRS,5,Serra,1.645,1.686,1629,1600,1607,1550,1568,1568,1568,43,RS,Rio Grande do Sul
430930,4309407,Guaíba,01Âª CRS,01ª CRS,1,Metropolitana,100.230,100.226,100963,100677,100072,99226,99202,99202,99202,43,RS,Rio Grande do Sul
430940,4309506,Guaporé,05Âª CRS,05ª CRS,5,Serra,25.041,25.255,25676,26121,26547,27042,27455,27455,27455,43,RS,Rio Grande do Sul
430950,4309555,Guarani das Missões,12Âª CRS,12ª CRS,12,Missioneira,8.146,8.092,8075,8044,7920,7877,7932,7932,7932,43,RS,Rio Grande do Sul
430955,4307104,Harmonia,01Âª CRS,01ª CRS,1,Metropolitana,4.742,4.785,4839,4922,5007,5132,5292,5292,5292,43,RS,Rio Grande do Sul
430710,4307203,Herval,03Âª CRS,03ª CRS,3,Sul,6.488,6.596,6557,6647,6631,6595,6625,6625,6625,43,RS,Rio Grande do Sul
430957,4309571,Herveiras,13Âª CRS,13ª CRS,13,Vales,2.698,2.802,2858,2903,2944,2983,2969,2969,2969,43,RS,Rio Grande do Sul
430960,4309605,Horizontina,14Âª CRS,14ª CRS,14,Missioneira,19.233,19.413,19620,19681,20014,20010,20253,20253,20253,43,RS,Rio Grande do Sul
430965,4309654,Hulha Negra,07Âª CRS,07ª CRS,7,Sul,6.132,6.359,6154,6112,5969,5818,5857,5857,5857,43,RS,Rio Grande do Sul
430970,4309704,Humaitá,17Âª CRS,17ª CRS,17,Missioneira,4.939,4.877,5015,4968,5010,4973,5025,5025,5025,43,RS,Rio Grande do Sul
430975,4309753,Ibarama,08Âª CRS,08ª CRS,8,Vales,4.219,4.269,4293,4327,4235,4216,4132,4132,4132,43,RS,Rio Grande do Sul
430980,4309803,Ibiaçá,06Âª CRS,06ª CRS,6,Norte,4.872,4.823,4810,4809,4888,4933,4931,4931,4931,43,RS,Rio Grande do Sul
430990,4309902,Ibiraiaras,06Âª CRS,06ª CRS,6,Norte,8.214,8.184,8289,8298,8285,8182,8104,8104,8104,43,RS,Rio Grande do Sul
430995,4309951,Ibirapuitã,06Âª CRS,06ª CRS,6,Norte,3.976,3.860,3969,3968,4007,3976,3974,3974,3974,43,RS,Rio Grande do Sul
431000,4310009,Ibirubá,09Âª CRS,"09ª CRS",9,Missioneira,21.020,20.973,21000,21257,21750,22046,22457,22457,22457,43,RS,Rio Grande do Sul
431010,4310108,Igrejinha,01Âª CRS,01ª CRS,1,Metropolitana,33.898,33.942,34254,34909,35603,36352,36922,36922,36922,43,RS,Rio Grande do Sul
431020,4310207,Ijuí,17Âª CRS,17ª CRS,17,Missioneira,85.685,86.392,87585,88467,88301,88879,89067,89067,89067,43,RS,Rio Grande do Sul
431030,4310306,Ilópolis,16Âª CRS,16ª CRS,16,Vales,3.985,4.172,4252,4264,4269,4195,4168,4168,4168,43,RS,Rio Grande do Sul
431033,4310330,Imbé,18Âª CRS,18ª CRS,18,Metropolitana,21.046,21.478,22329,23050,23728,24487,25056,25056,25056,43,RS,Rio Grande do Sul
431036,4310363,Imigrante,16Âª CRS,16ª CRS,16,Vales,3.204,3.175,3249,3317,3403,3454,3490,3490,3490,43,RS,Rio Grande do Sul
431040,4310405,Independência,14Âª CRS,14ª CRS,14,Missioneira,6.903,6.938,6852,6918,6853,6719,6665,6665,6665,43,RS,Rio Grande do Sul
431041,4310413,Inhacorá,17Âª CRS,17ª CRS,17,Missioneira,2.352,2.309,2234,2246,2302,2308,2294,2294,2294,43,RS,Rio Grande do Sul
431043,4310439,Ipê,05Âª CRS,05ª CRS,5,Serra,6.220,6.143,6128,6043,6042,5974,6025,6025,6025,43,RS,Rio Grande do Sul
431046,4310462,Ipiranga do Sul,11Âª CRS,11ª CRS,11,Norte,1.917,1.908,1902,1903,1960,1961,1996,1996,1996,43,RS,Rio Grande do Sul
431050,4310504,Iraí,02Âª CRS,02ª CRS,2,Norte,8.099,8.042,7905,7906,7873,7947,8036,8036,8036,43,RS,Rio Grande do Sul
431053,4310538,Itaara,04Âª CRS,"04ª CRS",4,Centro-Oeste,5.248,5.177,5180,5189,5294,5399,5549,5549,5549,43,RS,Rio Grande do Sul
431055,4310553,Itacurubi,04Âª CRS,"04ª CRS",4,Centro-Oeste,3.295,3.221,3197,3200,3199,3196,3224,3224,3224,43,RS,Rio Grande do Sul
431057,4310579,Itapuca,06Âª CRS,06ª CRS,6,Norte,2.254,2.223,2246,2190,2166,2168,2219,2219,2219,43,RS,Rio Grande do Sul
431060,4310603,Itaqui,10Âª CRS,10ª CRS,10,Centro-Oeste,38.820,38.471,37216,37127,36694,36482,36263,36263,36263,43,RS,Rio Grande do Sul
431065,4310652,Itati,18Âª CRS,18ª CRS,18,Metropolitana,2.646,2.728,2707,2781,2785,2796,2840,2840,2840,43,RS,Rio Grande do Sul
431070,4310702,Itatiba do Sul,11Âª CRS,11ª CRS,11,Norte,3.715,3.694,3658,3678,3649,3582,3518,3518,3518,43,RS,Rio Grande do Sul
431075,4310751,Ivorá,04Âª CRS,"04ª CRS",4,Centro-Oeste,2.051,2.015,2075,2070,2081,2060,2079,2079,2079,43,RS,Rio Grande do Sul
431080,4310801,Ivoti,01Âª CRS,01ª CRS,1,Metropolitana,22.599,22.959,23053,23347,23571,23835,23925,23925,23925,43,RS,Rio Grande do Sul
431085,4310850,Jaboticaba,15Âª CRS,15ª CRS,15,Norte,3.972,3.971,4016,3973,3970,3994,4072,4072,4072,43,RS,Rio Grande do Sul
431087,4310876,Jacuizinho,09Âª CRS,"09ª CRS",9,Missioneira,2.561,2.436,2498,2523,2544,2608,2616,2616,2616,43,RS,Rio Grande do Sul
431090,4310900,Jacutinga,11Âª CRS,11ª CRS,11,Norte,3.474,3.483,3505,3578,3714,3762,3807,3807,3807,43,RS,Rio Grande do Sul
431100,4311007,Jaguarão,03Âª CRS,03ª CRS,3,Sul,28.271,28.358,27589,27393,27336,27403,27574,27574,27574,43,RS,Rio Grande do Sul
431110,4311106,Jaguari,04Âª CRS,"04ª CRS",4,Centro-Oeste,10.999,10.712,10406,10234,10234,10331,10461,10461,10461,43,RS,Rio Grande do Sul
431112,4311122,Jaquirana,05Âª CRS,05ª CRS,5,Serra,4.124,4.183,4138,4065,4079,4088,4114,4114,4114,43,RS,Rio Grande do Sul
431113,4311130,Jari,04Âª CRS,"04ª CRS",4,Centro-Oeste,3.511,3.454,3461,3438,3517,3512,3510,3510,3510,43,RS,Rio Grande do Sul
431115,4311155,Jóia,17Âª CRS,17ª CRS,17,Missioneira,8.248,8.219,8037,8021,7958,7937,7788,7788,7788,43,RS,Rio Grande do Sul
431120,4311205,Júlio de Castilhos,04Âª CRS,"04ª CRS",4,Centro-Oeste,19.580,19.522,18898,18840,18940,18827,18892,18892,18892,43,RS,Rio Grande do Sul
431123,4311239,Lagoa Bonita do Sul,08Âª CRS,08ª CRS,8,Vales,2.735,2.712,2787,2734,2703,2649,2610,2610,2610,43,RS,Rio Grande do Sul
431127,4311304,Lagoa dos Três Cantos,06Âª CRS,06ª CRS,6,Norte,1.870,1.936,1857,1878,1850,1949,1986,1986,1986,43,RS,Rio Grande do Sul
431130,4311254,Lagoa Vermelha,06Âª CRS,06ª CRS,6,Norte,28.510,28.468,27834,27678,27660,27726,27970,27970,27970,43,RS,Rio Grande do Sul
431125,4311270,Lagoão,06Âª CRS,06ª CRS,6,Norte,5.840,5.747,5768,5780,5730,5681,5746,5746,5746,43,RS,Rio Grande do Sul
431140,4311403,Lajeado,16Âª CRS,16ª CRS,16,Vales,80.438,81.507,85929,88261,90944,92843,94929,94929,94929,43,RS,Rio Grande do Sul
431142,4311429,Lajeado do Bugre,15Âª CRS,15ª CRS,15,Norte,2.371,2.378,2500,2510,2544,2570,2649,2649,2649,43,RS,Rio Grande do Sul
431150,4311502,Lavras do Sul,07Âª CRS,07ª CRS,7,Sul,7.460,7.374,7273,7136,7190,7180,7204,7204,7204,43,RS,Rio Grande do Sul
431160,4311601,Liberato Salzano,02Âª CRS,02ª CRS,2,Norte,5.651,5.564,5671,5762,5709,5552,5491,5491,5491,43,RS,Rio Grande do Sul
431162,4311627,Lindolfo Collor,01Âª CRS,01ª CRS,1,Metropolitana,5.653,5.693,5970,6070,6149,6229,6301,6301,6301,43,RS,Rio Grande do Sul
431164,4311643,Linha Nova,05Âª CRS,05ª CRS,5,Serra,1.699,1.775,1869,1910,1880,1843,1784,1784,1784,43,RS,Rio Grande do Sul
431171,4311700,Maçambará,10Âª CRS,10ª CRS,10,Centro-Oeste,4.198,4.406,4460,4553,4544,4575,4599,4599,4599,43,RS,Rio Grande do Sul
431170,4311718,Machadinho,06Âª CRS,06ª CRS,6,Norte,5.842,5.778,5912,5939,5962,5871,5799,5799,5799,43,RS,Rio Grande do Sul
431173,4311734,Mampituba,18Âª CRS,18ª CRS,18,Metropolitana,2.977,3.043,3152,3182,3221,3277,3332,3332,3332,43,RS,Rio Grande do Sul
431175,4311759,Manoel Viana,10Âª CRS,10ª CRS,10,Centro-Oeste,6.601,6.485,6660,6639,6680,6669,6637,6637,6637,43,RS,Rio Grande do Sul
431177,4311775,Maquiné,18Âª CRS,18ª CRS,18,Metropolitana,6.757,6.809,6805,6914,6962,6994,7014,7014,7014,43,RS,Rio Grande do Sul
431179,4311791,Maratá,01Âª CRS,01ª CRS,1,Metropolitana,2.550,2.643,2697,2721,2736,2757,2748,2748,2748,43,RS,Rio Grande do Sul
431180,4311809,Marau,06Âª CRS,06ª CRS,6,Norte,40.559,41.090,41170,42183,43028,43979,44785,44785,44785,43,RS,Rio Grande do Sul
431190,4311908,Marcelino Ramos,11Âª CRS,11ª CRS,11,Norte,4.888,4.938,4873,4927,4897,4801,4718,4718,4718,43,RS,Rio Grande do Sul
431198,4311981,Mariana Pimentel,01Âª CRS,01ª CRS,1,Metropolitana,3.984,4.017,4017,4080,4071,4105,4076,4076,4076,43,RS,Rio Grande do Sul
431200,4312005,Mariano Moro,11Âª CRS,11ª CRS,11,Norte,2.150,2.086,2108,2027,2081,2097,2098,2098,2098,43,RS,Rio Grande do Sul
431205,4312054,Marques de Souza,16Âª CRS,16ª CRS,16,Vales,4.349,4.313,4228,4172,4169,4226,4290,4290,4290,43,RS,Rio Grande do Sul
431210,4312104,Mata,04Âª CRS,"04ª CRS",4,Centro-Oeste,4.762,4.665,4727,4786,4851,4774,4695,4695,4695,43,RS,Rio Grande do Sul
431213,4312138,Mato Castelhano,06Âª CRS,06ª CRS,6,Norte,2.513,2.609,2554,2614,2591,2623,2643,2643,2643,43,RS,Rio Grande do Sul
431215,4312153,Mato Leitão,13Âª CRS,13ª CRS,13,Vales,4.514,4.485,4549,4557,4704,4784,4895,4895,4895,43,RS,Rio Grande do Sul
431217,4312179,Mato Queimado,12Âª CRS,12ª CRS,12,Missioneira,1.877,1.901,1910,1901,1872,1882,1881,1881,1881,43,RS,Rio Grande do Sul
431220,4312203,Maximiliano de Almeida,06Âª CRS,06ª CRS,6,Norte,4.686,4.509,4626,4616,4702,4702,4629,4629,4629,43,RS,Rio Grande do Sul
431225,4312252,Minas do Leão,01Âª CRS,01ª CRS,1,Metropolitana,7.821,7.804,7912,7935,7998,7997,7960,7960,7960,43,RS,Rio Grande do Sul
431230,4312302,Miraguaí,15Âª CRS,15ª CRS,15,Norte,5.165,5.097,5234,5277,5330,5412,5448,5448,5448,43,RS,Rio Grande do Sul
431235,4312351,Montauri,06Âª CRS,06ª CRS,6,Norte,1.601,1.612,1590,1586,1627,1611,1617,1617,1617,43,RS,Rio Grande do Sul
431237,4312377,Monte Alegre dos Campos,05Âª CRS,05ª CRS,5,Serra,3.159,3.225,3231,3229,3215,3192,3217,3217,3217,43,RS,Rio Grande do Sul
431238,4312385,Monte Belo do Sul,05Âª CRS,05ª CRS,5,Serra,2.664,2.704,2709,2789,2887,2949,2967,2967,2967,43,RS,Rio Grande do Sul
431240,4312401,Montenegro,01Âª CRS,01ª CRS,1,Metropolitana,64.505,65.094,66107,66596,67093,67184,67857,67857,67857,43,RS,Rio Grande do Sul
431242,4312427,Mormaço,06Âª CRS,06ª CRS,6,Norte,2.874,2.857,2972,2960,3001,2927,2954,2954,2954,43,RS,Rio Grande do Sul
431244,4312443,Morrinhos do Sul,18Âª CRS,18ª CRS,18,Metropolitana,3.230,3.300,3351,3440,3427,3407,3409,3409,3409,43,RS,Rio Grande do Sul
431245,4312450,Morro Redondo,03Âª CRS,03ª CRS,3,Sul,6.368,6.456,6545,6621,6601,6594,6519,6519,6519,43,RS,Rio Grande do Sul
431247,4312476,Morro Reuter,01Âª CRS,01ª CRS,1,Metropolitana,6.172,6.166,6166,6341,6533,6661,6634,6634,6634,43,RS,Rio Grande do Sul
431250,4312500,Mostardas,18Âª CRS,18ª CRS,18,Metropolitana,12.431,12.583,12590,12486,12494,12439,12582,12582,12582,43,RS,Rio Grande do Sul
431260,4312609,Muçum,16Âª CRS,16ª CRS,16,Vales,5.150,5.139,5243,5292,5310,5271,5174,5174,5174,43,RS,Rio Grande do Sul
431261,4312617,Muitos Capões,05Âª CRS,05ª CRS,5,Serra,3.010,3.057,3095,3153,3103,3087,3002,3002,3002,43,RS,Rio Grande do Sul
431262,4312625,Muliterno,06Âª CRS,06ª CRS,6,Norte,1.902,1.987,2007,2022,1998,1967,1992,1992,1992,43,RS,Rio Grande do Sul
431265,4312658,Não-Me-Toque,06Âª CRS,06ª CRS,6,Norte,17.638,17.655,17932,17962,18191,18466,18866,18866,18866,43,RS,Rio Grande do Sul
431267,4312674,Nicolau Vergueiro,06Âª CRS,06ª CRS,6,Norte,1.834,1.848,1869,1901,1944,1960,1981,1981,1981,43,RS,Rio Grande do Sul
431270,4312708,Nonoai,11Âª CRS,11ª CRS,11,Norte,12.057,12.123,12293,12379,12441,12558,12747,12747,12747,43,RS,Rio Grande do Sul
431275,4312757,Nova Alvorada,06Âª CRS,06ª CRS,6,Norte,3.389,3.413,3428,3458,3468,3483,3509,3509,3509,43,RS,Rio Grande do Sul
431280,4312807,Nova Araçá,05Âª CRS,05ª CRS,5,Serra,4.819,4.990,4972,5059,5192,5427,5595,5595,5595,43,RS,Rio Grande do Sul
431290,4312906,Nova Bassano,05Âª CRS,05ª CRS,5,Serra,8.615,8.648,9023,9058,9112,9135,9296,9296,9296,43,RS,Rio Grande do Sul
431295,4312955,Nova Boa Vista,15Âª CRS,15ª CRS,15,Norte,2.120,2.138,2116,2120,2105,2088,2115,2115,2115,43,RS,Rio Grande do Sul
431300,4313003,Nova Bréscia,16Âª CRS,16ª CRS,16,Vales,3.366,3.332,3275,3305,3376,3274,3234,3234,3234,43,RS,Rio Grande do Sul
431301,4313011,Nova Candelária,14Âª CRS,14ª CRS,14,Missioneira,2.814,2.904,2942,3062,3152,3165,3140,3140,3140,43,RS,Rio Grande do Sul
431303,4313037,Nova Esperança do Sul,04Âª CRS,"04ª CRS",4,Centro-Oeste,4.835,4.995,4903,4966,4979,5032,5057,5057,5057,43,RS,Rio Grande do Sul
431306,4313060,Nova Hartz,01Âª CRS,01ª CRS,1,Metropolitana,19.196,19.172,20029,20175,20362,20474,20899,20899,20899,43,RS,Rio Grande do Sul
431308,4313086,Nova Pádua,05Âª CRS,05ª CRS,5,Serra,2.526,2.519,2633,2641,2691,2672,2657,2657,2657,43,RS,Rio Grande do Sul
431310,4313102,Nova Palma,04Âª CRS,"04ª CRS",4,Centro-Oeste,6.296,6.140,6177,6084,6045,6022,6043,6043,6043,43,RS,Rio Grande do Sul
431320,4313201,Nova Petrópolis,05Âª CRS,05ª CRS,5,Serra,21.511,22.052,22066,22400,22735,23033,23343,23343,23343,43,RS,Rio Grande do Sul
431330,4313300,Nova Prata,05Âª CRS,05ª CRS,5,Serra,25.212,25.382,25371,25850,26206,26943,27266,27266,27266,43,RS,Rio Grande do Sul
431333,4313334,Nova Ramada,17Âª CRS,17ª CRS,17,Missioneira,2.480,2.475,2473,2455,2419,2372,2398,2398,2398,43,RS,Rio Grande do Sul
431335,4313359,Nova Roma do Sul,05Âª CRS,05ª CRS,5,Serra,3.526,3.603,3657,3670,3790,3861,3914,3914,3914,43,RS,Rio Grande do Sul
431337,4313375,Nova Santa Rita,01Âª CRS,01ª CRS,1,Metropolitana,25.275,25.633,27115,27414,27685,28267,29181,29181,29181,43,RS,Rio Grande do Sul
431349,4313466,Novo Barreiro,15Âª CRS,15ª CRS,15,Norte,4.059,4.065,4183,4199,4265,4261,4288,4288,4288,43,RS,Rio Grande do Sul
431339,4313490,Novo Cabrais,08Âª CRS,08ª CRS,8,Vales,3.647,3.588,3667,3796,3879,3992,3990,3990,3990,43,RS,Rio Grande do Sul
431340,4313391,Novo Hamburgo,01Âª CRS,01ª CRS,1,Metropolitana,244.007,243.260,250292,249721,251147,252964,254190,254190,254190,43,RS,Rio Grande do Sul
431342,4313409,Novo Machado,14Âª CRS,14ª CRS,14,Missioneira,3.429,3.389,3558,3645,3631,3621,3583,3583,3583,43,RS,Rio Grande do Sul
431344,4313425,Novo Tiradentes,02Âª CRS,02ª CRS,2,Norte,2.206,2.185,2251,2264,2260,2316,2433,2433,2433,43,RS,Rio Grande do Sul
431346,4313441,Novo Xingu,15Âª CRS,15ª CRS,15,Norte,1.926,1.912,1879,1895,1926,1932,1909,1909,1909,43,RS,Rio Grande do Sul
431350,4313508,Osório,18Âª CRS,18ª CRS,18,Metropolitana,44.713,45.343,45286,46123,46208,46857,47141,47141,47141,43,RS,Rio Grande do Sul
431360,4313607,Paim Filho,06Âª CRS,06ª CRS,6,Norte,4.088,4.021,3986,4021,4012,4006,3939,3939,3939,43,RS,Rio Grande do Sul
431365,4313656,Palmares do Sul,18Âª CRS,18ª CRS,18,Metropolitana,11.560,11.697,11812,12004,12023,12126,12339,12339,12339,43,RS,Rio Grande do Sul
431370,4313706,Palmeira das Missões,15Âª CRS,15ª CRS,15,Norte,35.328,35.549,34824,34855,35084,35040,35311,35311,35311,43,RS,Rio Grande do Sul
431380,4313805,Palmitinho,02Âª CRS,02ª CRS,2,Norte,7.227,7.309,7298,7339,7360,7417,7587,7587,7587,43,RS,Rio Grande do Sul
431390,4313904,Panambi,17Âª CRS,17ª CRS,17,Missioneira,42.225,42.466,43351,43650,43932,44173,44664,44664,44664,43,RS,Rio Grande do Sul
431395,4313953,Pantano Grande,13Âª CRS,13ª CRS,13,Vales,9.917,9.927,10101,10150,10208,10093,9997,9997,9997,43,RS,Rio Grande do Sul
431400,4314001,Paraí,05Âª CRS,05ª CRS,5,Serra,7.194,7.405,7478,7568,7455,7579,7659,7659,7659,43,RS,Rio Grande do Sul
431402,4314027,Paraíso do Sul,04Âª CRS,"04ª CRS",4,Centro-Oeste,7.376,7.573,7539,7572,7455,7508,7538,7538,7538,43,RS,Rio Grande do Sul
431403,4314035,Pareci Novo,01Âª CRS,01ª CRS,1,Metropolitana,4.070,4.068,4164,4177,4266,4381,4588,4588,4588,43,RS,Rio Grande do Sul
431405,4314050,Parobé,01Âª CRS,01ª CRS,1,Metropolitana,53.877,54.114,54465,55423,56134,56895,57289,57289,57289,43,RS,Rio Grande do Sul
431406,4314068,Passa Sete,08Âª CRS,08ª CRS,8,Vales,4.874,4.654,4810,4738,4758,4665,4653,4653,4653,43,RS,Rio Grande do Sul
431407,4314076,Passo do Sobrado,13Âª CRS,13ª CRS,13,Vales,6.167,6.150,6313,6347,6417,6491,6591,6591,6591,43,RS,Rio Grande do Sul
431410,4314100,Passo Fundo,06Âª CRS,06ª CRS,6,Norte,197.206,199.446,199346,202344,205054,207594,210339,210339,210339,43,RS,Rio Grande do Sul
431413,4314134,Paulo Bento,11Âª CRS,11ª CRS,11,Norte,2.014,2.062,2154,2178,2238,2231,2245,2245,2245,43,RS,Rio Grande do Sul
431415,4314159,Paverama,16Âª CRS,16ª CRS,16,Vales,8.760,8.660,8854,8952,9146,9306,9303,9303,9303,43,RS,Rio Grande do Sul
431417,4314175,Pedras Altas,03Âª CRS,03ª CRS,3,Sul,2.042,2.035,2067,2048,2002,1978,1964,1964,1964,43,RS,Rio Grande do Sul
431420,4314209,Pedro Osório,03Âª CRS,03ª CRS,3,Sul,8.202,8.191,7984,7941,7856,7835,7920,7920,7920,43,RS,Rio Grande do Sul
431430,4314308,Pejuçara,17Âª CRS,17ª CRS,17,Missioneira,4.000,3.880,3903,3959,4061,4093,4093,4093,4093,43,RS,Rio Grande do Sul
431440,4314407,Pelotas,03Âª CRS,03ª CRS,3,Sul,342.649,343.148,338766,340630,341389,342090,342221,342221,342221,43,RS,Rio Grande do Sul
431442,4314423,Picada Café,05Âª CRS,05ª CRS,5,Serra,5.434,5.428,5602,5687,5845,5832,5882,5882,5882,43,RS,Rio Grande do Sul
431445,4314456,Pinhal,02Âª CRS,02ª CRS,2,Norte,2.601,2.509,2606,2640,2749,2841,2940,2940,2940,43,RS,Rio Grande do Sul
431446,4314464,Pinhal da Serra,05Âª CRS,05ª CRS,5,Serra,2.207,2.164,2179,2173,2186,2180,2161,2161,2161,43,RS,Rio Grande do Sul
431447,4314472,Pinhal Grande,04Âª CRS,"04ª CRS",4,Centro-Oeste,4.272,4.257,4277,4210,4105,3940,3906,3906,3906,43,RS,Rio Grande do Sul
431449,4314498,Pinheirinho do Vale,02Âª CRS,02ª CRS,2,Norte,4.345,4.513,4598,4647,4653,4696,4860,4860,4860,43,RS,Rio Grande do Sul
431450,4314506,Pinheiro Machado,03Âª CRS,03ª CRS,3,Sul,12.158,12.112,11997,11947,11880,11605,11380,11380,11380,43,RS,Rio Grande do Sul
431454,4314548,Pinto Bandeira,05Âª CRS,05ª CRS,5,Serra,2.951,2.959,3043,3065,3132,3194,3275,3275,3275,43,RS,Rio Grande do Sul
431455,4314555,Pirapó,12Âª CRS,12ª CRS,12,Missioneira,2.619,2.622,2571,2610,2596,2549,2504,2504,2504,43,RS,Rio Grande do Sul
431460,4314605,Piratini,03Âª CRS,03ª CRS,3,Sul,19.496,19.182,19082,18990,18737,18323,18290,18290,18290,43,RS,Rio Grande do Sul
431470,4314704,Planalto,02Âª CRS,02ª CRS,2,Norte,10.426,10.476,10487,10623,10593,10562,10608,10608,10608,43,RS,Rio Grande do Sul
431475,4314753,Poço das Antas,16Âª CRS,16ª CRS,16,Vales,2.032,2.076,2136,2216,2277,2325,2313,2313,2313,43,RS,Rio Grande do Sul
431477,4314779,Pontão,06Âª CRS,06ª CRS,6,Norte,3.784,3.887,3763,3797,3844,3803,3779,3779,3779,43,RS,Rio Grande do Sul
431478,4314787,Ponte Preta,11Âª CRS,11ª CRS,11,Norte,1.618,1.648,1714,1736,1767,1777,1806,1806,1806,43,RS,Rio Grande do Sul
431480,4314803,Portão,01Âª CRS,01ª CRS,1,Metropolitana,33.874,34.087,35058,35388,35521,36027,36535,36535,36535,43,RS,Rio Grande do Sul
431490,4314902,Porto Alegre,01Âª CRS,01ª CRS,1,Metropolitana,1.475.717,1.479.277,1468301,1465430,1460238,1453230,1444714,1444714,1444714,43,RS,Rio Grande do Sul
431500,4315008,Porto Lucena,14Âª CRS,14ª CRS,14,Missioneira,5.177,5.141,5066,5101,5091,5029,5001,5001,5001,43,RS,Rio Grande do Sul
431505,4315057,Porto Mauá,14Âª CRS,14ª CRS,14,Missioneira,2.323,2.319,2395,2410,2407,2464,2487,2487,2487,43,RS,Rio Grande do Sul
431507,4315073,Porto Vera Cruz,14Âª CRS,14ª CRS,14,Missioneira,1.641,1.654,1653,1634,1641,1626,1608,1608,1608,43,RS,Rio Grande do Sul
431510,4315107,Porto Xavier,12Âª CRS,12ª CRS,12,Missioneira,10.601,10.579,10474,10405,10506,10557,10539,10539,10539,43,RS,Rio Grande do Sul
431513,4315131,Pouso Novo,16Âª CRS,16ª CRS,16,Vales,1.751,1.777,1799,1830,1841,1825,1789,1789,1789,43,RS,Rio Grande do Sul
431514,4315149,Presidente Lucena,01Âª CRS,01ª CRS,1,Metropolitana,2.760,2.880,2975,3099,3112,3165,3144,3144,3144,43,RS,Rio Grande do Sul
431515,4315156,Progresso,16Âª CRS,16ª CRS,16,Vales,5.748,5.766,5785,5813,5840,5819,5808,5808,5808,43,RS,Rio Grande do Sul
431517,4315172,Protásio Alves,05Âª CRS,05ª CRS,5,Serra,2.153,2.147,2166,2153,2156,2110,2082,2082,2082,43,RS,Rio Grande do Sul
431520,4315206,Putinga,16Âª CRS,16ª CRS,16,Vales,4.049,4.079,4066,4132,4130,4127,4028,4028,4028,43,RS,Rio Grande do Sul
431530,4315305,Quaraí,10Âª CRS,10ª CRS,10,Centro-Oeste,22.624,22.586,22701,22780,22727,22657,22967,22967,22967,43,RS,Rio Grande do Sul
431531,4315313,Quatro Irmãos,11Âª CRS,11ª CRS,11,Norte,1.672,1.672,1688,1693,1701,1679,1667,1667,1667,43,RS,Rio Grande do Sul
431532,4315321,Quevedos,04Âª CRS,"04ª CRS",4,Centro-Oeste,2.690,2.628,2659,2603,2692,2660,2721,2721,2721,43,RS,Rio Grande do Sul
431535,4315354,Quinze de Novembro,09Âª CRS,"09ª CRS",9,Missioneira,3.880,4.045,4105,4169,4206,4239,4301,4301,4301,43,RS,Rio Grande do Sul
431540,4315404,Redentora,15Âª CRS,15ª CRS,15,Norte,10.669,10.559,10720,10697,10830,10980,11129,11129,11129,43,RS,Rio Grande do Sul
431545,4315453,Relvado,16Âª CRS,16ª CRS,16,Vales,2.152,2.047,2157,2133,2182,2198,2234,2234,2234,43,RS,Rio Grande do Sul
431550,4315503,Restinga Seca,04Âª CRS,"04ª CRS",4,Centro-Oeste,15.628,15.733,15300,15499,15449,15523,15571,15571,15571,43,RS,Rio Grande do Sul
431555,4315552,Rio dos Índios,11Âª CRS,11ª CRS,11,Norte,3.181,3.191,3170,3208,3138,3151,3146,3146,3146,43,RS,Rio Grande do Sul
431560,4315602,Rio Grande,03Âª CRS,03ª CRS,3,Sul,213.166,214.532,211484,210610,209407,208815,208227,208227,208227,43,RS,Rio Grande do Sul
431570,4315701,Rio Pardo,13Âª CRS,13ª CRS,13,Vales,38.071,38.526,38746,38436,38043,37986,38075,38075,38075,43,RS,Rio Grande do Sul
431575,4315750,Riozinho,01Âª CRS,01ª CRS,1,Metropolitana,4.121,4.140,4261,4313,4383,4388,4421,4421,4421,43,RS,Rio Grande do Sul
431580,4315800,Roca Sales,16Âª CRS,16ª CRS,16,Vales,10.874,11.338,11563,11993,12251,12621,12758,12758,12758,43,RS,Rio Grande do Sul
431590,4315909,Rodeio Bonito,02Âª CRS,02ª CRS,2,Norte,6.084,6.078,6287,6371,6494,6670,6790,6790,6790,43,RS,Rio Grande do Sul
431595,4315958,Rolador,12Âª CRS,12ª CRS,12,Missioneira,2.394,2.352,2423,2460,2480,2531,2551,2551,2551,43,RS,Rio Grande do Sul
431600,4316006,Rolante,01Âª CRS,01ª CRS,1,Metropolitana,20.899,21.032,20848,21291,21628,21934,22108,22108,22108,43,RS,Rio Grande do Sul
431610,4316105,Ronda Alta,15Âª CRS,15ª CRS,15,Norte,10.214,10.092,10130,10176,10309,10310,10358,10358,10358,43,RS,Rio Grande do Sul
431620,4316204,Rondinha,15Âª CRS,15ª CRS,15,Norte,5.485,5.562,5443,5528,5530,5683,5559,5559,5559,43,RS,Rio Grande do Sul
431630,4316303,Roque Gonzales,12Âª CRS,12ª CRS,12,Missioneira,6.921,6.779,6981,6986,6986,6860,6875,6875,6875,43,RS,Rio Grande do Sul
431640,4316402,Rosário do Sul,10Âª CRS,10ª CRS,10,Centro-Oeste,40.142,40.448,38984,39209,39253,39023,38837,38837,38837,43,RS,Rio Grande do Sul
431642,4316428,Sagrada Família,15Âª CRS,15ª CRS,15,Norte,2.680,2.689,2623,2667,2673,2686,2649,2649,2649,43,RS,Rio Grande do Sul
431643,4316436,Saldanha Marinho,09Âª CRS,"09ª CRS",9,Missioneira,2.857,2.923,2839,2857,2863,2895,2922,2922,2922,43,RS,Rio Grande do Sul
431645,4316451,Salto do Jacuí,09Âª CRS,"09ª CRS",9,Missioneira,11.324,11.385,11263,11368,11192,11365,11223,11223,11223,43,RS,Rio Grande do Sul
431647,4316477,Salvador das Missões,12Âª CRS,12ª CRS,12,Missioneira,2.747,2.818,2896,2937,2948,2968,2988,2988,2988,43,RS,Rio Grande do Sul
431650,4316501,Salvador do Sul,01Âª CRS,01ª CRS,1,Metropolitana,7.130,7.276,7447,7543,7573,7574,7603,7603,7603,43,RS,Rio Grande do Sul
431660,4316600,Sananduva,06Âª CRS,06ª CRS,6,Norte,15.885,15.997,16402,16648,16738,16727,16984,16984,16984,43,RS,Rio Grande do Sul
431670,4316709,Santa Bárbara do Sul,09Âª CRS,"09ª CRS",9,Missioneira,8.936,8.951,8686,8559,8501,8446,8429,8429,8429,43,RS,Rio Grande do Sul
431673,4316733,Santa Cecília do Sul,06Âª CRS,06ª CRS,6,Norte,1.698,1.700,1699,1713,1741,1715,1739,1739,1739,43,RS,Rio Grande do Sul
431675,4316758,Santa Clara do Sul,16Âª CRS,16ª CRS,16,Vales,6.729,6.712,6867,6874,6981,7008,7056,7056,7056,43,RS,Rio Grande do Sul
431680,4316808,Santa Cruz do Sul,13Âª CRS,13ª CRS,13,Vales,128.437,128.887,128619,130002,131331,132572,133651,133651,133651,43,RS,Rio Grande do Sul
431697,4316956,Santa Margarida do Sul,10Âª CRS,10ª CRS,10,Centro-Oeste,2.607,2.570,2549,2464,2475,2564,2606,2606,2606,43,RS,Rio Grande do Sul
431690,4316972,Santa Maria,04Âª CRS,"04ª CRS",4,Centro-Oeste,274.679,277.229,275058,278364,280782,282698,282493,282493,282493,43,RS,Rio Grande do Sul
431695,4316907,Santa Maria do Herval,01Âª CRS,01ª CRS,1,Metropolitana,6.693,6.673,6458,6532,6623,6622,6666,6666,6666,43,RS,Rio Grande do Sul
431720,4317301,Santa Rosa,14Âª CRS,14ª CRS,14,Missioneira,73.218,73.977,74795,75871,77227,78379,79739,79739,79739,43,RS,Rio Grande do Sul
431725,4317004,Santa Tereza,05Âª CRS,05ª CRS,5,Serra,1.661,1.660,1761,1760,1766,1751,1749,1749,1749,43,RS,Rio Grande do Sul
431730,4317103,Santa Vitória do Palmar,03Âª CRS,03ª CRS,3,Sul,32.697,32.326,31563,31208,30976,30830,30723,30723,30723,43,RS,Rio Grande do Sul
431700,4317202,Santana da Boa Vista,03Âª CRS,03ª CRS,3,Sul,7.960,7.836,7850,7854,7943,7811,7819,7819,7819,43,RS,Rio Grande do Sul
431710,4317251,SantAna do Livramento,10Âª CRS,10ª CRS,10,Centro-Oeste,83.320,84.316,80256,79938,79101,78719,78211,78211,78211,43,RS,Rio Grande do Sul
431740,4317400,Santiago,04Âª CRS,"04ª CRS",4,Centro-Oeste,50.172,50.548,49274,49743,49743,49714,49464,49464,49464,43,RS,Rio Grande do Sul
431750,4317509,Santo Ângelo,12Âª CRS,12ª CRS,12,Missioneira,79.181,79.789,79422,80624,81623,82317,83075,83075,83075,43,RS,Rio Grande do Sul
431760,4317707,Santo Antônio da Patrulha,18Âª CRS,18ª CRS,18,Metropolitana,42.437,42.934,42702,42929,42982,43351,43838,43838,43838,43,RS,Rio Grande do Sul
431770,4317558,Santo Antônio das Missões,12Âª CRS,12ª CRS,12,Missioneira,10.946,10.947,10638,10809,10851,10886,10875,10875,10875,43,RS,Rio Grande do Sul
431755,4317608,Santo Antônio do Palma,06Âª CRS,06ª CRS,6,Norte,2.209,2.137,2214,2287,2342,2378,2324,2324,2324,43,RS,Rio Grande do Sul
431775,4317756,Santo Antônio do Planalto,06Âª CRS,06ª CRS,6,Norte,2.202,2.106,2107,2060,2122,2159,2170,2170,2170,43,RS,Rio Grande do Sul
431780,4317806,Santo Augusto,17Âª CRS,17ª CRS,17,Missioneira,15.057,15.066,14771,14622,14596,14663,15076,15076,15076,43,RS,Rio Grande do Sul
431790,4317905,Santo Cristo,14Âª CRS,14ª CRS,14,Missioneira,14.687,14.733,14526,14937,15290,15333,15293,15293,15293,43,RS,Rio Grande do Sul
431795,4317954,Santo Expedito do Sul,06Âª CRS,06ª CRS,6,Norte,2.501,2.497,2505,2517,2484,2455,2503,2503,2503,43,RS,Rio Grande do Sul
431800,4318002,São Borja,12Âª CRS,12ª CRS,12,Missioneira,62.172,61.940,59944,59661,59624,59238,59235,59235,59235,43,RS,Rio Grande do Sul
431805,4318051,São Domingos do Sul,06Âª CRS,06ª CRS,6,Norte,2.839,2.907,3046,3042,3065,3048,3111,3111,3111,43,RS,Rio Grande do Sul
431810,4318101,São Francisco de Assis,04Âª CRS,"04ª CRS",4,Centro-Oeste,19.023,18.930,18359,17992,17892,17596,17521,17521,17521,43,RS,Rio Grande do Sul
431820,4318200,São Francisco de Paula,01Âª CRS,01ª CRS,1,Metropolitana,21.280,21.568,21088,21109,21026,20956,20954,20954,20954,43,RS,Rio Grande do Sul
431830,4318309,São Gabriel,10Âª CRS,10ª CRS,10,Centro-Oeste,61.075,61.870,61445,61803,61731,61411,60918,60918,60918,43,RS,Rio Grande do Sul
431840,4318408,São Jerônimo,01Âª CRS,01ª CRS,1,Metropolitana,23.199,23.254,22794,22710,22956,22868,22706,22706,22706,43,RS,Rio Grande do Sul
431842,4318424,São João da Urtiga,06Âª CRS,06ª CRS,6,Norte,4.793,4.780,4616,4712,4723,4766,4669,4669,4669,43,RS,Rio Grande do Sul
431843,4318432,São João do Polêsine,04Âª CRS,"04ª CRS",4,Centro-Oeste,2.660,2.683,2681,2730,2780,2783,2828,2828,2828,43,RS,Rio Grande do Sul
431844,4318440,São Jorge,05Âª CRS,05ª CRS,5,Serra,2.642,2.640,2674,2673,2696,2694,2701,2701,2701,43,RS,Rio Grande do Sul
431845,4318457,São José das Missões,15Âª CRS,15ª CRS,15,Norte,2.723,2.645,2642,2632,2607,2657,2651,2651,2651,43,RS,Rio Grande do Sul
431846,4318465,São José do Herval,16Âª CRS,16ª CRS,16,Vales,2.147,2.079,2176,2135,2130,2084,2095,2095,2095,43,RS,Rio Grande do Sul
431848,4318481,São José do Hortêncio,01Âª CRS,01ª CRS,1,Metropolitana,4.378,4.382,4461,4509,4571,4515,4592,4592,4592,43,RS,Rio Grande do Sul
431849,4318499,São José do Inhacorá,14Âª CRS,14ª CRS,14,Missioneira,2.332,2.441,2419,2446,2436,2368,2365,2365,2365,43,RS,Rio Grande do Sul
431850,4318507,São José do Norte,03Âª CRS,03ª CRS,3,Sul,26.191,26.424,26398,26136,25863,26224,26674,26674,26674,43,RS,Rio Grande do Sul
431860,4318606,São José do Ouro,06Âª CRS,06ª CRS,6,Norte,7.186,7.039,7103,7125,7225,7164,7045,7045,7045,43,RS,Rio Grande do Sul
431861,4318614,São José do Sul,01Âª CRS,01ª CRS,1,Metropolitana,2.132,2.258,2331,2418,2448,2456,2487,2487,2487,43,RS,Rio Grande do Sul
431862,4318622,São José dos Ausentes,05Âª CRS,05ª CRS,5,Serra,3.440,3.560,3514,3579,3647,3656,3719,3719,3719,43,RS,Rio Grande do Sul
431870,4318705,São Leopoldo,01Âª CRS,01ª CRS,1,Metropolitana,226.546,226.680,228642,230268,232133,234746,237720,237720,237720,43,RS,Rio Grande do Sul
431880,4318804,São Lourenço do Sul,03Âª CRS,03ª CRS,3,Sul,43.390,43.618,42422,42926,42785,42921,42397,42397,42397,43,RS,Rio Grande do Sul
431890,4318903,São Luiz Gonzaga,12Âª CRS,12ª CRS,12,Missioneira,35.761,35.895,35176,34998,35370,35947,36593,36593,36593,43,RS,Rio Grande do Sul
431900,4319000,São Marcos,05Âª CRS,05ª CRS,5,Serra,21.641,21.601,21358,21181,21329,21560,21922,21922,21922,43,RS,Rio Grande do Sul
431910,4319109,São Martinho,17Âª CRS,17ª CRS,17,Missioneira,5.813,5.871,5939,6017,6006,6090,6129,6129,6129,43,RS,Rio Grande do Sul
431912,4319125,São Martinho da Serra,04Âª CRS,"04ª CRS",4,Centro-Oeste,3.202,3.211,3227,3171,3133,3034,3070,3070,3070,43,RS,Rio Grande do Sul
431915,4319158,São Miguel das Missões,12Âª CRS,12ª CRS,12,Missioneira,7.665,7.605,7513,7415,7435,7376,7372,7372,7372,43,RS,Rio Grande do Sul
431920,4319208,São Nicolau,12Âª CRS,12ª CRS,12,Missioneira,5.378,5.437,5478,5435,5398,5378,5461,5461,5461,43,RS,Rio Grande do Sul
431930,4319307,São Paulo das Missões,14Âª CRS,14ª CRS,14,Missioneira,5.957,5.973,5990,6093,6083,6065,6047,6047,6047,43,RS,Rio Grande do Sul
431935,4319356,São Pedro da Serra,01Âª CRS,01ª CRS,1,Metropolitana,3.458,3.435,3559,3631,3656,3709,3747,3747,3747,43,RS,Rio Grande do Sul
431936,4319364,São Pedro das Missões,15Âª CRS,15ª CRS,15,Norte,1.857,1.895,1870,1865,1836,1806,1837,1837,1837,43,RS,Rio Grande do Sul
431937,4319372,São Pedro do Butiá,12Âª CRS,12ª CRS,12,Missioneira,2.899,2.915,2995,3050,3161,3158,3210,3210,3210,43,RS,Rio Grande do Sul
431940,4319406,São Pedro do Sul,04Âª CRS,"04ª CRS",4,Centro-Oeste,16.581,16.508,16306,16211,16415,16549,16563,16563,16563,43,RS,Rio Grande do Sul
431950,4319505,São Sebastião do Caí,01Âª CRS,01ª CRS,1,Metropolitana,24.288,24.469,23827,23931,23935,24198,24429,24429,24429,43,RS,Rio Grande do Sul
431960,4319604,São Sepé,04Âª CRS,"04ª CRS",4,Centro-Oeste,23.822,23.678,22961,22965,23101,22948,22870,22870,22870,43,RS,Rio Grande do Sul
431970,4319703,São Valentim,11Âª CRS,11ª CRS,11,Norte,3.639,3.710,3646,3629,3575,3517,3447,3447,3447,43,RS,Rio Grande do Sul
431971,4319711,São Valentim do Sul,16Âª CRS,16ª CRS,16,Vales,2.475,2.499,2386,2352,2347,2451,2496,2496,2496,43,RS,Rio Grande do Sul
431973,4319737,São Valério do Sul,17Âª CRS,17ª CRS,17,Missioneira,2.827,2.795,2962,2997,2997,3019,3032,3032,3032,43,RS,Rio Grande do Sul
431975,4319752,São Vendelino,05Âª CRS,05ª CRS,5,Serra,2.233,2.238,2261,2290,2339,2393,2436,2436,2436,43,RS,Rio Grande do Sul
431980,4319802,São Vicente do Sul,04Âª CRS,"04ª CRS",4,Centro-Oeste,8.654,8.575,8364,8191,8090,7988,7971,7971,7971,43,RS,Rio Grande do Sul
431990,4319901,Sapiranga,01Âª CRS,01ª CRS,1,Metropolitana,78.994,79.271,80430,81192,82111,82555,82852,82852,82852,43,RS,Rio Grande do Sul
432000,4320008,Sapucaia do Sul,01Âª CRS,01ª CRS,1,Metropolitana,141.321,141.256,147747,147481,146661,147475,148018,148018,148018,43,RS,Rio Grande do Sul
432010,4320107,Sarandi,15Âª CRS,15ª CRS,15,Norte,22.497,22.666,23135,23438,24015,24306,24808,24808,24808,43,RS,Rio Grande do Sul
432020,4320206,Seberi,02Âª CRS,02ª CRS,2,Norte,11.492,11.633,11605,11795,12046,12234,12466,12466,12466,43,RS,Rio Grande do Sul
432023,4320230,Sede Nova,17Âª CRS,17ª CRS,17,Missioneira,3.064,2.991,3073,3089,3142,3155,3114,3114,3114,43,RS,Rio Grande do Sul
432026,4320263,Segredo,08Âª CRS,08ª CRS,8,Vales,6.785,6.881,6955,7019,6953,6935,6923,6923,6923,43,RS,Rio Grande do Sul
432030,4320305,Selbach,09Âª CRS,"09ª CRS",9,Missioneira,5.078,5.115,5156,5249,5244,5243,5216,5216,5216,43,RS,Rio Grande do Sul
432032,4320321,Senador Salgado Filho,14Âª CRS,14ª CRS,14,Missioneira,2.811,2.894,2871,2891,2912,2845,2824,2824,2824,43,RS,Rio Grande do Sul
432035,4320354,Sentinela do Sul,01Âª CRS,01ª CRS,1,Metropolitana,5.123,5.116,5248,5301,5209,5139,5040,5040,5040,43,RS,Rio Grande do Sul
432040,4320404,Serafina Corrêa,06Âª CRS,06ª CRS,6,Norte,15.428,15.675,16370,16534,16784,17139,17581,17581,17581,43,RS,Rio Grande do Sul
432045,4320453,Sério,16Âª CRS,16ª CRS,16,Vales,2.144,2.083,2174,2173,2146,2116,2123,2123,2123,43,RS,Rio Grande do Sul
432050,4320503,Sertão,06Âª CRS,06ª CRS,6,Norte,6.139,6.026,6172,6195,6208,6200,6196,6196,6196,43,RS,Rio Grande do Sul
432055,4320552,Sertão Santana,01Âª CRS,01ª CRS,1,Metropolitana,6.040,5.996,6147,6225,6247,6136,6081,6081,6081,43,RS,Rio Grande do Sul
432057,4320578,Sete de Setembro,12Âª CRS,12ª CRS,12,Missioneira,2.114,2.169,2164,2156,2163,2140,2167,2167,2167,43,RS,Rio Grande do Sul
432060,4320602,Severiano de Almeida,11Âª CRS,11ª CRS,11,Norte,3.734,3.800,3832,3841,3831,3834,3804,3804,3804,43,RS,Rio Grande do Sul
432065,4320651,Silveira Martins,04Âª CRS,"04ª CRS",4,Centro-Oeste,2.438,2.421,2480,2501,2419,2379,2361,2361,2361,43,RS,Rio Grande do Sul
432067,4320677,Sinimbu,13Âª CRS,13ª CRS,13,Vales,9.867,9.956,9874,9748,9613,9513,9492,9492,9492,43,RS,Rio Grande do Sul
432070,4320701,Sobradinho,08Âª CRS,08ª CRS,8,Vales,14.789,14.819,14845,14833,15053,15264,15403,15403,15403,43,RS,Rio Grande do Sul
432080,4320800,Soledade,06Âª CRS,06ª CRS,6,Norte,30.836,30.930,30419,30566,30393,30551,30881,30881,30881,43,RS,Rio Grande do Sul
432085,4320859,Tabaí,01Âª CRS,01ª CRS,1,Metropolitana,4.350,4.491,4730,4816,4846,4869,4936,4936,4936,43,RS,Rio Grande do Sul
432090,4320909,Tapejara,06Âª CRS,06ª CRS,6,Norte,22.373,22.920,23251,23776,24291,24898,25473,25473,25473,43,RS,Rio Grande do Sul
432100,4321006,Tapera,06Âª CRS,06ª CRS,6,Norte,10.920,10.983,11104,11139,11080,11155,11319,11319,11319,43,RS,Rio Grande do Sul
432110,4321105,Tapes,01Âª CRS,01ª CRS,1,Metropolitana,17.129,16.876,16928,16654,16347,16080,16082,16082,16082,43,RS,Rio Grande do Sul
432120,4321204,Taquara,01Âª CRS,01ª CRS,1,Metropolitana,58.179,57.971,58630,58709,58787,58657,58402,58402,58402,43,RS,Rio Grande do Sul
432130,4321303,Taquari,16Âª CRS,16ª CRS,16,Vales,27.112,27.090,27053,26877,26439,26665,26906,26906,26906,43,RS,Rio Grande do Sul
432132,4321329,Taquaruçu do Sul,02Âª CRS,02ª CRS,2,Norte,3.030,3.053,3101,3155,3237,3293,3380,3380,3380,43,RS,Rio Grande do Sul
432135,4321352,Tavares,18Âª CRS,18ª CRS,18,Metropolitana,5.528,5.430,5640,5663,5752,5731,5702,5702,5702,43,RS,Rio Grande do Sul
432140,4321402,Tenente Portela,02Âª CRS,02ª CRS,2,Norte,14.268,14.108,14187,14142,14290,14371,14610,14610,14610,43,RS,Rio Grande do Sul
432143,4321436,Terra de Areia,18Âª CRS,18ª CRS,18,Metropolitana,10.898,10.597,11061,11170,11436,11672,11908,11908,11908,43,RS,Rio Grande do Sul
432145,4321451,Teutônia,16Âª CRS,16ª CRS,16,Vales,30.986,31.220,31895,32620,33548,34316,35083,35083,35083,43,RS,Rio Grande do Sul
432146,4321469,Tio Hugo,06Âª CRS,06ª CRS,6,Norte,2.855,2.924,2933,3037,3049,3150,3199,3199,3199,43,RS,Rio Grande do Sul
432147,4321477,Tiradentes do Sul,02Âª CRS,02ª CRS,2,Norte,6.003,5.968,5882,5782,5864,5910,5952,5952,5952,43,RS,Rio Grande do Sul
432149,4321493,Toropi,04Âª CRS,"04ª CRS",4,Centro-Oeste,2.658,2.667,2795,2810,2832,2826,2818,2818,2818,43,RS,Rio Grande do Sul
432150,4321501,Torres,18Âª CRS,18ª CRS,18,Metropolitana,37.833,38.609,39425,40289,40906,41722,42390,42390,42390,43,RS,Rio Grande do Sul
432160,4321600,Tramandaí,18Âª CRS,18ª CRS,18,Metropolitana,48.498,49.262,50501,51299,51922,52341,53036,53036,53036,43,RS,Rio Grande do Sul
432162,4321626,Travesseiro,16Âª CRS,16ª CRS,16,Vales,2.335,2.416,2431,2528,2545,2559,2496,2496,2496,43,RS,Rio Grande do Sul
432163,4321634,Três Arroios,11Âª CRS,11ª CRS,11,Norte,2.771,2.839,2854,2851,2866,2904,2931,2931,2931,43,RS,Rio Grande do Sul
432166,4321667,Três Cachoeiras,18Âª CRS,18ª CRS,18,Metropolitana,10.817,10.953,11135,11246,11382,11428,11466,11466,11466,43,RS,Rio Grande do Sul
432170,4321709,Três Coroas,01Âª CRS,01ª CRS,1,Metropolitana,25.660,25.471,25942,26046,26387,26700,26643,26643,26643,43,RS,Rio Grande do Sul
432180,4321808,Três de Maio,14Âª CRS,14ª CRS,14,Missioneira,24.614,24.616,24855,25416,25860,26269,27040,27040,27040,43,RS,Rio Grande do Sul
432183,4321832,Três Forquilhas,18Âª CRS,18ª CRS,18,Metropolitana,2.872,2.855,2950,2951,2952,3014,3077,3077,3077,43,RS,Rio Grande do Sul
432185,4321857,Três Palmeiras,15Âª CRS,15ª CRS,15,Norte,4.737,4.769,4702,4754,4800,4854,4971,4971,4971,43,RS,Rio Grande do Sul
432190,4321907,Três Passos,02Âª CRS,02ª CRS,2,Norte,25.475,25.400,25639,25962,26253,26643,27047,27047,27047,43,RS,Rio Grande do Sul
432195,4321956,Trindade do Sul,15Âª CRS,15ª CRS,15,Norte,6.016,6.250,6087,6132,6149,6187,6370,6370,6370,43,RS,Rio Grande do Sul
432200,4322004,Triunfo,01Âª CRS,01ª CRS,1,Metropolitana,26.263,26.238,26069,26286,26498,26622,26816,26816,26816,43,RS,Rio Grande do Sul
432210,4322103,Tucunduva,14Âª CRS,14ª CRS,14,Missioneira,5.998,6.029,5948,6009,6012,6023,5955,5955,5955,43,RS,Rio Grande do Sul
432215,4322152,Tunas,06Âª CRS,06ª CRS,6,Norte,4.139,4.074,4230,4176,4211,4213,4211,4211,4211,43,RS,Rio Grande do Sul
432218,4322186,Tupanci do Sul,06Âª CRS,06ª CRS,6,Norte,1.506,1.453,1469,1479,1487,1488,1493,1493,1493,43,RS,Rio Grande do Sul
432220,4322202,Tupanciretã,04Âª CRS,"04ª CRS",4,Missioneira,22.477,22.435,21886,21817,21689,21575,21380,21380,21380,43,RS,Rio Grande do Sul
432225,4322251,Tupandi,01Âª CRS,01ª CRS,1,Metropolitana,4.456,4.630,4790,4917,5060,5176,5263,5263,5263,43,RS,Rio Grande do Sul
432230,4322301,Tuparendi,14Âª CRS,14ª CRS,14,Missioneira,8.468,8.557,8452,8583,8565,8598,8637,8637,8637,43,RS,Rio Grande do Sul
432232,4322327,Turuçu,03Âª CRS,03ª CRS,3,Sul,3.774,3.816,3806,3721,3689,3587,3599,3599,3599,43,RS,Rio Grande do Sul
432234,4322343,Ubiretama,12Âª CRS,12ª CRS,12,Missioneira,2.250,2.184,2203,2144,2151,2137,2171,2171,2171,43,RS,Rio Grande do Sul
432235,4322350,União da Serra,05Âª CRS,05ª CRS,5,Serra,1.373,1.365,1395,1405,1387,1401,1402,1402,1402,43,RS,Rio Grande do Sul
432237,4322376,Unistalda,04Âª CRS,"04ª CRS",4,Centro-Oeste,2.428,2.448,2327,2348,2350,2276,2244,2244,2244,43,RS,Rio Grande do Sul
432240,4322400,Uruguaiana,10Âª CRS,10ª CRS,10,Centro-Oeste,127.155,126.660,120384,119245,118832,117911,117297,117297,117297,43,RS,Rio Grande do Sul
432250,4322509,Vacaria,05Âª CRS,05ª CRS,5,Serra,66.479,67.034,66110,66131,66527,67139,67543,67543,67543,43,RS,Rio Grande do Sul
432253,4322541,Vale do Sol,13Âª CRS,13ª CRS,13,Vales,11.521,11.265,11192,11046,11025,10984,10982,10982,10982,43,RS,Rio Grande do Sul
432254,4322525,Vale Real,05Âª CRS,05ª CRS,5,Serra,5.402,5.495,5661,5801,5916,6083,6111,6111,6111,43,RS,Rio Grande do Sul
432252,4322533,Vale Verde,13Âª CRS,13ª CRS,13,Vales,3.305,3.446,3466,3477,3416,3357,3367,3367,3367,43,RS,Rio Grande do Sul
432255,4322558,Vanini,06Âª CRS,06ª CRS,6,Norte,2.036,2.106,2103,2130,2136,2132,2141,2141,2141,43,RS,Rio Grande do Sul
432260,4322608,Venâncio Aires,13Âª CRS,13ª CRS,13,Vales,69.052,69.401,69322,69731,70250,70960,70904,70904,70904,43,RS,Rio Grande do Sul
432270,4322707,Vera Cruz,13Âª CRS,13ª CRS,13,Vales,25.266,25.267,25599,25878,26063,26357,26639,26639,26639,43,RS,Rio Grande do Sul
432280,4322806,Veranópolis,05Âª CRS,05ª CRS,5,Serra,24.025,24.033,24141,24531,25064,25538,25800,25800,25800,43,RS,Rio Grande do Sul
432285,4322855,Vespasiano Correa,16Âª CRS,16ª CRS,16,Vales,1.890,1.879,2056,2056,2040,1969,1970,1970,1970,43,RS,Rio Grande do Sul
432290,4322905,Viadutos,11Âª CRS,11ª CRS,11,Norte,5.227,5.267,5175,5177,5159,5075,5052,5052,5052,43,RS,Rio Grande do Sul
432300,4323002,Viamão,01Âª CRS,01ª CRS,1,Metropolitana,251.842,252.287,245864,244699,241560,239243,235638,235638,235638,43,RS,Rio Grande do Sul
432310,4323101,Vicente Dutra,02Âª CRS,02ª CRS,2,Norte,5.052,5.087,5114,5153,5153,5077,5087,5087,5087,43,RS,Rio Grande do Sul
432320,4323200,Victor Graeff,06Âª CRS,06ª CRS,6,Norte,3.100,3.004,3072,3088,3108,3138,3102,3102,3102,43,RS,Rio Grande do Sul
432330,4323309,Vila Flores,05Âª CRS,05ª CRS,5,Serra,3.388,3.419,3527,3589,3623,3588,3593,3593,3593,43,RS,Rio Grande do Sul
432335,4323358,Vila Lângaro,06Âª CRS,06ª CRS,6,Norte,2.108,2.131,2095,2080,2124,2129,2130,2130,2130,43,RS,Rio Grande do Sul
432340,4323408,Vila Maria,06Âª CRS,06ª CRS,6,Norte,4.420,4.401,4412,4423,4512,4602,4665,4665,4665,43,RS,Rio Grande do Sul
432345,4323457,Vila Nova do Sul,04Âª CRS,"04ª CRS",4,Centro-Oeste,3.885,3.752,3932,3926,4031,4017,4117,4117,4117,43,RS,Rio Grande do Sul
432350,4323507,Vista Alegre,02Âª CRS,02ª CRS,2,Norte,2.752,2.797,2784,2863,2899,2885,2827,2827,2827,43,RS,Rio Grande do Sul
432360,4323606,Vista Alegre do Prata,05Âª CRS,05ª CRS,5,Serra,1.549,1.563,1645,1648,1704,1721,1746,1746,1746,43,RS,Rio Grande do Sul
432370,4323705,Vista Gaúcha,02Âª CRS,02ª CRS,2,Norte,2.811,2.816,2834,2885,2940,2987,3002,3002,3002,43,RS,Rio Grande do Sul
432375,4323754,Vitória das Missões,12Âª CRS,12ª CRS,12,Missioneira,3.417,3.307,3439,3389,3438,3397,3405,3405,3405,43,RS,Rio Grande do Sul
432377,4323770,Westfalia,16Âª CRS,16ª CRS,16,Vales,3.157,3.157,3088,3136,3125,3226,3257,3257,3257,43,RS,Rio Grande do Sul
432380,4323804,Xangri-lá,18Âª CRS,18ª CRS,18,Metropolitana,14.009,14.215,15362,15858,16214,16343,16744,16744,16744,43,RS,Rio Grande do Sul